rows & col,explore,sky,nikon,2007,blue,bw,canon,water,portrait,red,night,nature,green,sunset,clouds,macro,light,flower,abigfave,white,selfportrait,beach,yellow,dog,me,interestingness,geotagged,landscape,art,flowers,street,i500,architecture,365days,blackandwhite,tree,graffiti,reflection,california,black,impressedbeauty,nyc,people,city,naturesfinest,london,sun,explored,sea,diamondclassphotographer,anawesomeshot,france,japan,2008,pink,usa,italy,snow,canada,color,orange,film,spring,girl,urban,sanfrancisco,supershot,hdr,trees,paris,newyork,d80,travel,winter,food,bird,self,sign,50mm,building,summer,bokeh,home,love,d50,streetart,e,colors,italia,lake,lights,music,river,shadow,india,man,photoshop,chicago,vintage,park
e,x,p,l,o,r,e
e,x,p,l,o,r,e
e,x,p,l,o,r,e
e,x,p,l,o,r,e
e,x,p,l,o,r,e
e,x,p,l,o,r,e
e,x,p,l,o,r,e
e,x,p,l,o,r,e
e,x,p,l,o,r,e
e,x,p,l,o,r,e
e,x,p,l,o,r,e
e,x,p,l,o,r,e
e,x,p,l,o,r,e
e,x,p,l,o,r,e
e,x,p,l,o,r,e
e,x,p,l,o,r,e
e,x,p,l,o,r,e
e,x,p,l,o,r,e
e,x,p,l,o,r,e
e,x,p,l,o,r,e
e,x,p,l,o,r,e
e,x,p,l,o,r,e
e,x,p,l,o,r,e
e,x,p,l,o,r,e
e,x,p,l,o,r,e
e,x,p,l,o,r,e
e,x,p,l,o,r,e
e,x,p,l,o,r,e
e,x,p,l,o,r,e
e,x,p,l,o,r,e
e,x,p,l,o,r,e
e,x,p,l,o,r,e
e,x,p,l,o,r,e
e,x,p,l,o,r,e
e,x,p,l,o,r,e
e,x,p,l,o,r,e
e,x,p,l,o,r,e
e,x,p,l,o,r,e
e,x,p,l,o,r,e
e,x,p,l,o,r,e
e,x,p,l,o,r,e
e,x,p,l,o,r,e
e,x,p,l,o,r,e
e,x,p,l,o,r,e
e,x,p,l,o,r,e
e,x,p,l,o,r,e
e,x,p,l,o,r,e
e,x,p,l,o,r,e
e,x,p,l,o,r,e
e,x,p,l,o,r,e
e,x,p,l,o,r,e
e,x,p,l,o,r,e
e,x,p,l,o,r,e
e,x,p,l,o,r,e
e,x,p,l,o,r,e
e,x,p,l,o,r,e
e,x,p,l,o,r,e
e,x,p,l,o,r,e
e,x,p,l,o,r,e
e,x,p,l,o,r,e
e,x,p,l,o,r,e
e,x,p,l,o,r,e
e,x,p,l,o,r,e
e,x,p,l,o,r,e
e,x,p,l,o,r,e
e,x,p,l,o,r,e
e,x,p,l,o,r,e
e,x,p,l,o,r,e
e,x,p,l,o,r,e
e,x,p,l,o,r,e
e,x,p,l,o,r,e
e,x,p,l,o,r,e
e,x,p,l,o,r,e
e,x,p,l,o,r,e
e,x,p,l,o,r,e
e,x,p,l,o,r,e
e,x,p,l,o,r,e
e,x,p,l,o,r,e
e,x,p,l,o,r,e
e,x,p,l,o,r,e
e,x,p,l,o,r,e
e,x,p,l,o,r,e
e,x,p,l,o,r,e
e,x,p,l,o,r,e
e,x,p,l,o,r,e
e,x,p,l,o,r,e
e,x,p,l,o,r,e
e,x,p,l,o,r,e
e,x,p,l,o,r,e
e,x,p,l,o,r,e
e,x,p,l,o,r,e
e,x,p,l,o,r,e
e,x,p,l,o,r,e
e,x,p,l,o,r,e
e,x,p,l,o,r,e
e,x,p,l,o,r,e
e,x,p,l,o,r,e
e,x,p,l,o,r,e
e,x,p,l,o,r,e
e,x,p,l,o,r,e
e,x,p,l,o,r,e
